Date ,Day,Months,Year,Quarter,series ,OPEN ,HIGH ,LOW ,PREV. CLOSE ,ltp ,close ,vwap ,52W H ,52W L ,VOLUME ,No of trades 
13-Aug-24,Tuesday,August,2024,Q3,EQ,495.95,497.85,488.25,494.6,491.5,490,493.29,510.65,399.35,"77,57,706.00","1,19,952.00"
12-Aug-24,Monday,August,2024,Q3,EQ,492,500,492,495.9,494.4,494.6,497.04,510.65,399.35,"90,76,097.00","1,33,143.00"
09-Aug-24,Friday,August,2024,Q3,EQ,498,498,493.1,494.75,496.15,495.9,495.38,510.65,399.35,"92,01,793.00","1,44,367.00"
08-Aug-24,Thursday,August,2024,Q3,EQ,494,498,492.5,492.65,494.15,494.75,494.99,510.65,399.35,"2,05,58,134.00","2,50,724.00"
07-Aug-24,Wednesday,August,2024,Q3,EQ,490,495.6,488.1,486.3,492.75,492.65,491.96,510.65,399.35,"1,09,00,585.00","1,73,490.00"
06-Aug-24,Tuesday,August,2024,Q3,EQ,486.25,491.7,484.05,486,487.8,486.3,487.52,510.65,399.35,"1,37,22,855.00","1,65,576.00"
05-Aug-24,Monday,August,2024,Q3,EQ,480.05,491.9,479.55,489.1,485.9,486,485.81,510.65,399.35,"2,40,94,139.00","2,40,878.00"
02-Aug-24,Friday,August,2024,Q3,EQ,484.8,499.45,484.8,493.7,488.85,489.1,491.08,510.65,399.35,"2,13,20,064.00","2,53,754.00"
01-Aug-24,Thursday,August,2024,Q3,EQ,495.95,496.75,490.95,495.35,493.05,493.7,493.72,510.65,399.35,"1,16,65,529.00","1,67,982.00"
31-Jul-24,Wednesday,July,2024,Q3,EQ,492.45,497.95,490.5,489.9,495.5,495.35,494.03,510.65,399.35,"1,15,38,215.00","1,84,885.00"
30-Jul-24,Tuesday,July,2024,Q3,EQ,496.3,497.8,488.65,496.05,490.5,489.9,491.81,510.65,399.35,"1,33,75,906.00","1,71,911.00"
29-Jul-24,Monday,July,2024,Q3,EQ,505.5,506.2,494.05,502.2,496.25,496.05,498.4,510.65,399.35,"1,24,96,895.00","1,59,533.00"
26-Jul-24,Friday,July,2024,Q3,EQ,494.05,506.4,487.4,489.95,501.55,502.2,498.22,510.65,399.35,"2,07,36,094.00","2,04,107.00"
25-Jul-24,Thursday,July,2024,Q3,EQ,490,496,484.65,494.05,490.2,489.95,490.32,510.65,399.35,"1,78,78,994.00","2,27,325.00"
24-Jul-24,Wednesday,July,2024,Q3,EQ,496,510.65,490.65,492.2,494,494.05,500.33,510.65,399.35,"4,20,73,323.00","4,00,376.00"
23-Jul-24,Tuesday,July,2024,Q3,EQ, ,497.4,466.4,466.55,496.95,492.2,483.29,499.7,399.35,"5,40,44,423.00","4,99,337.00"
22-Jul-24,Monday,July,2024,Q3,EQ,474.6,479.45,465.85,474.55,466.3,466.55,470.1,499.7,399.35,"1,80,66,586.00","2,32,860.00"
19-Jul-24,Friday,July,2024,Q3,EQ,471,479.4,469.4,470.25,473.15,474.55,474.65,499.7,399.35,"2,49,77,373.00","2,68,257.00"
18-Jul-24,Thursday,July,2024,Q3,EQ,463,470.9,462.65,465.55,470.5,470.25,467.91,499.7,399.35,"2,10,94,737.00","1,96,712.00"
16-Jul-24,Tuesday,July,2024,Q3,EQ,463.45,466.75,461.4,463.4,465.7,465.55,464.53,499.7,399.35,"1,29,96,711.00","1,37,391.00"
15-Jul-24,Monday,July,2024,Q3,EQ,459.05,466.45,457.2,459.05,462.05,463.4,462.88,499.7,399.35,"1,62,51,032.00","1,54,358.00"
12-Jul-24,Friday,July,2024,Q3,EQ,458.65,463.25,455.85,458.65,459.05,459.05,458.95,499.7,399.35,"1,89,62,800.00","2,15,367.00"
11-Jul-24,Thursday,July,2024,Q3,EQ,450,459.5,448.7,451.45,458.6,458.65,456.02,499.7,399.35,"1,88,31,345.00","2,83,781.00"
10-Jul-24,Wednesday,July,2024,Q3,EQ,453.7,455.35,446.5,452.6,450.3,451.45,450.95,499.7,399.35,"1,16,18,210.00","1,55,469.00"
09-Jul-24,Tuesday,July,2024,Q3,EQ,447.6,455,444,443.6,451.5,452.6,450.54,499.7,399.35,"2,64,70,260.00","2,40,760.00"
08-Jul-24,Monday,July,2024,Q3,EQ,435.15,444.55,433.65,433.65,443.8,443.6,439.76,499.7,399.35,"2,05,21,107.00","1,94,693.00"
05-Jul-24,Friday,July,2024,Q3,EQ,429,434,427.6,429.05,433.5,433.65,431.98,499.7,399.35,"1,29,29,586.00","1,51,709.00"
04-Jul-24,Thursday,July,2024,Q3,EQ,430,431.5,427.05,428.3,429.25,429.05,429.39,499.7,399.35,"91,27,340.00","1,25,047.00"
03-Jul-24,Wednesday,July,2024,Q3,EQ,426.1,429.65,425.5,425.5,428.5,428.3,427.88,499.7,399.35,"71,59,756.00","1,16,001.00"
02-Jul-24,Tuesday,July,2024,Q3,EQ,430,430.65,422.55,429.05,425.75,425.5,426.86,499.7,399.35,"1,07,63,335.00","1,74,096.00"
01-Jul-24,Monday,July,2024,Q3,EQ,426.3,430.25,424.65,424.9,428.5,429.05,427.61,499.7,399.35,"1,28,94,747.00","1,32,870.00"
28-Jun-24,Friday,June,2024,Q2,EQ,425.5,428,423.5,425.6,425,424.9,425.74,499.7,399.35,"1,78,66,326.00","1,73,097.00"
27-Jun-24,Thursday,June,2024,Q2,EQ,423.95,427.25,421.1,423.95,425.6,425.6,424.56,499.7,399.35,"3,70,12,589.00","2,51,890.00"
26-Jun-24,Wednesday,June,2024,Q2,EQ,423,426.4,422.05,423.3,423.5,423.95,424.28,499.7,399.35,"1,10,84,805.00","1,09,504.00"
25-Jun-24,Tuesday,June,2024,Q2,EQ,423,424,419.75,423.3,423.25,423.3,422.19,499.7,399.35,"1,02,60,449.00","1,38,835.00"
24-Jun-24,Monday,June,2024,Q2,EQ,420,423.95,420,419.6,423.65,423.3,422.63,499.7,399.35,"93,62,433.00","1,17,502.00"
21-Jun-24,Friday,June,2024,Q2,EQ,425,425.3,418.55,423.3,419.7,419.6,420.65,499.7,399.35,"2,52,05,627.00","2,95,452.00"
20-Jun-24,Thursday,June,2024,Q2,EQ,424.05,426.5,421.5,423.65,423.85,423.3,423.74,499.7,399.35,"1,45,85,806.00","2,03,212.00"
19-Jun-24,Wednesday,June,2024,Q2,EQ,430,430.75,423.05,428.75,423.4,423.65,425.66,499.7,399.35,"1,09,09,803.00","1,77,112.00"
18-Jun-24,Tuesday,June,2024,Q2,EQ,433,434.2,428.2,431.15,429,428.75,430.67,499.7,399.35,"1,40,98,178.00","2,06,941.00"
14-Jun-24,Friday,June,2024,Q2,EQ,431,431.9,429.05,430.3,431.4,431.15,430.49,499.7,399.35,"92,17,804.00","1,70,717.00"
13-Jun-24,Thursday,June,2024,Q2,EQ,436.9,436.9,429.75,432.3,430.35,430.3,431.79,499.7,399.35,"92,83,802.00","1,46,737.00"
12-Jun-24,Wednesday,June,2024,Q2,EQ,430.55,434.4,430.2,433,432.6,432.3,432.33,499.7,399.35,"1,03,52,936.00","1,63,844.00"
11-Jun-24,Tuesday,June,2024,Q2,EQ,437,437.8,432.25,436.9,432.75,433,434.79,499.7,399.35,"1,26,70,589.00","1,87,213.00"
10-Jun-24,Monday,June,2024,Q2,EQ,440,441,435.85,439.15,436.55,436.9,437.72,499.7,399.35,"1,14,32,393.00","2,60,404.00"
07-Jun-24,Friday,June,2024,Q2,EQ,431.4,441.65,431.1,435.4,438.5,439.15,437.54,499.7,399.35,"2,84,48,041.00","3,48,935.00"
06-Jun-24,Thursday,June,2024,Q2,EQ,436,437.7,431.1,430.3,436.4,435.4,434.33,499.7,399.35,"3,11,19,999.00","2,90,637.00"
05-Jun-24,Wednesday,June,2024,Q2,EQ,422,436,418.05,415.2,430.7,430.3,429.14,499.7,399.35,"2,71,51,351.00","3,09,406.00"
04-Jun-24,Tuesday,June,2024,Q2,EQ,426,426.3,402.85,430.35,419.85,415.2,415.2,499.7,399.35,"4,60,19,632.00","5,80,366.00"
03-Jun-24,Monday,June,2024,Q2,EQ,434,434.9,428.65,426.45,431.4,430.35,430.65,499.7,399.35,"1,55,19,148.00","2,10,108.00"
31-May-24,Friday,May,2024,Q2,EQ,426.75,429.55,424.25,423.85,427,426.45,426.87,499.7,399.35,"2,82,14,102.00","2,45,961.00"
30-May-24,Thursday,May,2024,Q2,EQ,428.5,430.95,422.35,430.95,424.85,423.85,424.72,499.7,399.35,"2,05,24,428.00","2,49,826.00"
29-May-24,Wednesday,May,2024,Q2,EQ,425.5,432.4,425.5,429,431,430.95,429.94,499.7,399.35,"1,04,30,363.00","1,42,521.00"
28-May-24,Tuesday,May,2024,Q2,EQ,432.1,432.5,428.25,431.5,428.8,429,429.82,499.7,399.35,"93,10,198.00","1,23,935.00"
27-May-24,Monday,May,2024,Q2,EQ,438.8,438.9,430.7,436.2,432.25,431.5,435.39,499.7,399.35,"1,18,27,050.00","2,01,549.00"
24-May-24,Friday,May,2024,Q2,EQ,441,442.45,435.3,441.35,436.55,436.2,437.48,499.7,399.35,"1,27,61,457.00","2,08,684.00"
23-May-24,Thursday,May,2024,Q2,EQ,441.4,444.9,436.55,439.9,440.2,441.35,440.71,499.7,399.35,"2,62,34,369.00","2,21,301.00"
22-May-24,Wednesday,May,2024,Q2,EQ,437.35,441.95,435.4,434.8,440,439.9,439.62,499.7,399.35,"1,06,27,595.00","1,54,238.00"
21-May-24,Tuesday,May,2024,Q2,EQ,436,437.1,433.2,436.65,434.9,434.8,434.73,499.7,399.35,"1,07,60,726.00","2,15,268.00"
18-May-24,Saturday,May,2024,Q2,EQ,437,437.65,435.2,436.3,436.7,436.65,436.64,499.7,399.35,"7,13,859.00","12,556.00"
17-May-24,Friday,May,2024,Q2,EQ,432.4,437.5,428.9,431.45,435.45,436.3,434.11,499.7,399.35,"1,14,53,714.00","1,33,480.00"
16-May-24,Thursday,May,2024,Q2,EQ,430,432.6,422.9,427.8,432.6,431.45,427.89,499.7,399.35,"2,30,25,186.00","2,86,099.00"
15-May-24,Wednesday,May,2024,Q2,EQ,430.75,433.25,426.75,429.7,428.25,427.8,429.4,499.7,399.35,"75,65,080.00","1,44,013.00"
14-May-24,Tuesday,May,2024,Q2,EQ,430.5,433.3,428.55,431.85,429.6,429.7,430.33,499.7,399.35,"1,10,00,103.00","1,72,146.00"
13-May-24,Monday,May,2024,Q2,EQ,433.25,435.45,429.5,433.35,431.65,431.85,431.83,499.7,399.35,"73,02,959.00","1,52,030.00"
10-May-24,Friday,May,2024,Q2,EQ,426.5,436.35,426.5,425.1,433.85,433.35,433.2,499.7,399.35,"1,39,85,963.00","1,86,451.00"
09-May-24,Thursday,May,2024,Q2,EQ,440.05,441.5,423.35,441,427.1,425.1,429.3,499.7,399.35,"2,34,12,609.00","3,26,895.00"
08-May-24,Wednesday,May,2024,Q2,EQ,441.25,444.7,438.2,440.35,441,441,441.33,499.7,399.35,"1,05,11,646.00","1,40,409.00"
07-May-24,Tuesday,May,2024,Q2,EQ,436.9,446,435.2,434.75,441,440.35,442.16,499.7,399.35,"2,59,68,921.00","2,56,621.00"
06-May-24,Monday,May,2024,Q2,EQ,438,440.45,433.35,436.45,434.95,434.75,435.73,499.7,399.35,"1,03,55,056.00","1,83,306.00"
03-May-24,Friday,May,2024,Q2,EQ,440.05,440.05,431.35,439,436,436.45,435.75,499.7,399.35,"2,29,04,276.00","3,01,064.00"
02-May-24,Thursday,May,2024,Q2,EQ,436,442.6,434.85,435.65,439.45,439,439.02,499.7,399.35,"2,32,28,909.00","4,13,344.00"
30-Apr-24,Tuesday,April,2024,Q2,EQ,439.95,440.5,435.1,438.2,435.35,435.65,438.57,499.7,399.35,"1,20,64,043.00","1,31,063.00"
29-Apr-24,Monday,April,2024,Q2,EQ,442,442.45,434.6,440,438,438.2,437.73,499.7,399.35,"1,16,27,882.00","1,89,919.00"
26-Apr-24,Friday,April,2024,Q2,EQ,439.25,443.3,436.4,437.55,440,440,439.66,499.7,399.35,"1,47,73,975.00","2,02,318.00"
25-Apr-24,Thursday,April,2024,Q2,EQ,431,438.3,429,428.9,437.8,437.55,434.52,499.7,399.35,"2,92,11,997.00","2,70,594.00"
24-Apr-24,Wednesday,April,2024,Q2,EQ,429.25,430.8,428.3,429.2,429.4,428.9,429.73,499.7,399.35,"58,45,170.00","96,245.00"
23-Apr-24,Tuesday,April,2024,Q2,EQ,425.3,430.5,425.1,425.3,428.7,429.2,428.84,499.7,399.35,"1,20,21,404.00","1,94,302.00"
22-Apr-24,Monday,April,2024,Q2,EQ,427,427.6,423.35,424.75,425.8,425.3,424.75,499.7,399.35,"71,12,139.00","1,24,105.00"
19-Apr-24,Friday,April,2024,Q2,EQ,418,426.25,416,418.85,424,424.75,423.64,499.7,392.9,"1,65,82,634.00","2,04,429.00"
18-Apr-24,Thursday,April,2024,Q2,EQ,426,426.9,417.65,425.9,419.75,418.85,421.58,499.7,392.9,"2,13,12,388.00","2,04,523.00"
16-Apr-24,Tuesday,April,2024,Q2,EQ,423.25,427,423.2,425.9,426.45,425.9,425.24,499.7,392.9,"99,73,638.00","1,22,310.00"
15-Apr-24,Monday,April,2024,Q2,EQ,428,429.15,422.9,430.1,425.6,425.9,426.01,499.7,392.9,"87,46,243.00","1,64,057.00"
12-Apr-24,Friday,April,2024,Q2,EQ,435,435.75,428.3,436.95,430.5,430.1,431.16,499.7,384.75,"1,80,88,372.00","2,89,969.00"
10-Apr-24,Wednesday,April,2024,Q2,EQ,428.3,437.8,425.75,426.35,436,436.95,433,499.7,384.75,"1,40,08,124.00","1,76,163.00"
09-Apr-24,Tuesday,April,2024,Q2,EQ,430.45,431.5,425.55,429.1,426.6,426.35,428.43,499.7,384.75,"67,08,894.00","90,615.00"
08-Apr-24,Monday,April,2024,Q2,EQ,428.3,431.4,427.75,427.55,428.9,429.1,429.51,499.7,384.75,"85,16,632.00","1,50,775.00"
05-Apr-24,Friday,April,2024,Q2,EQ,422.5,431.7,419.95,422.75,427.5,427.55,427.69,499.7,378.5,"1,61,47,032.00","1,57,872.00"
04-Apr-24,Thursday,April,2024,Q2,EQ,425.55,427.35,419.9,425.2,423.1,422.75,423.26,499.7,378.5,"1,83,58,410.00","3,03,184.00"
03-Apr-24,Wednesday,April,2024,Q2,EQ,426,428.8,421,425.85,425.5,425.2,424.61,499.7,378.5,"1,26,64,520.00","1,60,696.00"
02-Apr-24,Tuesday,April,2024,Q2,EQ,428.7,428.7,424.6,426.7,425.5,425.85,425.87,499.7,378.5,"88,53,678.00","1,23,768.00"
01-Apr-24,Monday,April,2024,Q2,EQ,429.1,431.35,425.75,428.35,427.6,426.7,427.8,499.7,378.5,"93,82,308.00","1,18,264.00"
28-Mar-24,Thursday,March,2024,Q1,EQ,428,433.25,427,428,429,428.35,429.66,499.7,376.35,"2,79,33,211.00","2,00,930.00"
27-Mar-24,Wednesday,March,2024,Q1,EQ,427,428.9,426.45,427.65,428.4,428,427.94,499.7,376.35,"1,22,27,545.00","1,48,670.00"
26-Mar-24,Tuesday,March,2024,Q1,EQ,425.55,429.2,425.55,428.6,428,427.65,427.57,499.7,376.35,"1,02,74,145.00","1,27,865.00"
22-Mar-24,Friday,March,2024,Q1,EQ,421.25,429.65,421.25,421.25,428.3,428.6,427.27,499.7,372,"3,88,61,818.00","2,85,729.00"
21-Mar-24,Thursday,March,2024,Q1,EQ,419,422,416.2,415.7,421.25,421.25,419.96,499.7,372,"1,92,27,982.00","2,65,798.00"
20-Mar-24,Wednesday,March,2024,Q1,EQ,410,416.65,409.55,409.55,416,415.7,412.87,499.7,372,"1,96,09,321.00","2,00,442.00"
19-Mar-24,Tuesday,March,2024,Q1,EQ,418,419.55,408.7,417.45,409.75,409.55,411.54,499.7,372,"2,09,94,563.00","2,56,940.00"
18-Mar-24,Monday,March,2024,Q1,EQ,419,420.7,416.9,419.1,417.6,417.45,418.4,499.7,372,"1,59,33,704.00","2,41,095.00"
15-Mar-24,Friday,March,2024,Q1,EQ,417.2,428.55,415.25,419.65,417,419.1,422.93,499.7,369.65,"7,32,53,754.00","6,15,356.00"
14-Mar-24,Thursday,March,2024,Q1,EQ,421.95,425.5,418,422.45,419,419.65,421.67,499.7,369.65,"3,07,64,728.00","2,92,934.00"
13-Mar-24,Wednesday,March,2024,Q1,EQ,435,438,421.15,404.45,422,422.45,427.85,499.7,369.65,"10,16,12,428.00","6,93,592.00"
12-Mar-24,Tuesday,March,2024,Q1,EQ,406.5,406.5,399.35,409.4,401.9,404.45,402.12,499.7,369.65,"3,48,82,639.00","4,41,602.00"
11-Mar-24,Monday,March,2024,Q1,EQ,416.8,418.3,408,413.55,409.2,409.4,413.66,499.7,369.65,"1,76,20,081.00","2,20,154.00"
07-Mar-24,Thursday,March,2024,Q1,EQ,407.85,414.95,403.65,407.85,414.7,413.55,409.07,499.7,369.65,"2,30,20,545.00","2,66,079.00"
06-Mar-24,Wednesday,March,2024,Q1,EQ,406.5,409.95,400.7,406.15,407.95,407.85,405.02,499.7,369.65,"1,11,06,855.00","2,38,724.00"
05-Mar-24,Tuesday,March,2024,Q1,EQ,409.65,411.4,403.95,409.1,406.5,406.15,407.09,499.7,369.65,"97,33,507.00","1,87,977.00"
04-Mar-24,Monday,March,2024,Q1,EQ,412.25,412.95,408.45,412.05,409.3,409.1,410.01,499.7,369.65,"68,40,352.00","1,28,186.00"
02-Mar-24,Saturday,March,2024,Q1,EQ,411,412.8,410.1,409.5,412,412.05,411.74,499.7,369.65,"9,77,655.00","18,531.00"
01-Mar-24,Friday,March,2024,Q1,EQ,408.9,413.15,407.5,406.3,410.1,409.5,410.66,499.7,369.65,"1,23,95,632.00","1,98,418.00"
29-Feb-24,Thursday,February,2024,Q1,EQ,409,411.05,404.5,408.3,406.9,406.3,407.62,499.7,369.65,"1,48,95,144.00","1,82,863.00"
28-Feb-24,Wednesday,February,2024,Q1,EQ,411.15,412.35,406.8,411.15,407.85,408.3,409.1,499.7,369.65,"86,17,768.00","1,57,196.00"
27-Feb-24,Tuesday,February,2024,Q1,EQ,410,412.75,408.55,409.2,410.7,411.15,410.81,499.7,369.65,"77,83,743.00","1,49,253.00"
26-Feb-24,Monday,February,2024,Q1,EQ,411.1,413.05,407.3,411.4,409.15,409.2,409.48,499.7,369.65,"79,82,145.00","1,41,120.00"
23-Feb-24,Friday,February,2024,Q1,EQ,415.9,415.9,410.5,414.45,410.9,411.4,412.65,499.7,369.65,"1,11,47,636.00","1,68,693.00"
22-Feb-24,Thursday,February,2024,Q1,EQ,406.9,415.15,403.45,403.35,415,414.45,409.04,499.7,369.65,"1,86,04,659.00","2,65,415.00"
21-Feb-24,Wednesday,February,2024,Q1,EQ,407,410.1,401.3,406.1,402.75,403.35,406.26,499.7,369.65,"1,94,14,653.00","3,08,873.00"
20-Feb-24,Tuesday,February,2024,Q1,EQ,410.45,410.45,404.3,409.25,406.9,406.1,406.62,499.7,369.65,"1,40,84,218.00","2,00,707.00"
19-Feb-24,Monday,February,2024,Q1,EQ,405,412.75,404.6,404.6,409.2,409.25,410.11,499.7,369.65,"1,69,49,793.00","1,95,499.00"
16-Feb-24,Friday,February,2024,Q1,EQ,405,409.55,399.4,403.9,404.6,404.6,403.76,499.7,369.65,"3,75,18,847.00","3,02,859.00"
15-Feb-24,Thursday,February,2024,Q1,EQ,413,414.55,403.15,411.55,404.75,403.9,406.08,499.7,369.65,"2,03,83,983.00","2,67,030.00"
14-Feb-24,Wednesday,February,2024,Q1,EQ,406,412.25,404.4,406.75,412.15,411.55,408.96,499.7,369.65,"1,21,50,077.00","1,80,419.00"
13-Feb-24,Tuesday,February,2024,Q1,EQ,406.9,410.8,403.3,406.85,406.9,406.75,407.16,499.7,369.65,"1,56,06,705.00","2,51,076.00"
12-Feb-24,Monday,February,2024,Q1,EQ,417.55,418,406.05,415.5,406.8,406.85,410.04,499.7,369.65,"1,09,06,914.00","2,27,195.00"
09-Feb-24,Friday,February,2024,Q1,EQ,410.1,424.2,408.6,414.55,415,415.5,417.23,499.7,368.45,"3,22,83,965.00","3,45,877.00"
08-Feb-24,Thursday,February,2024,Q1,EQ,429,429.1,408.6,431.8,414.45,414.55,417.33,499.7,368.45,"4,81,83,882.00","5,68,349.00"
07-Feb-24,Wednesday,February,2024,Q1,EQ,435,435,430.8,431.4,431.8,431.8,432.35,499.7,368.45,"1,28,80,824.00","2,34,908.00"
06-Feb-24,Tuesday,February,2024,Q1,EQ,440,440.9,429.5,438.05,431.9,431.4,433.22,499.7,368.45,"1,87,64,371.00","3,37,897.00"
05-Feb-24,Monday,February,2024,Q1,EQ,442,443.65,436.55,440.1,438.15,438.05,440.45,499.7,368.45,"1,20,41,897.00","2,03,069.00"
02-Feb-24,Friday,February,2024,Q1,EQ,445,447.2,439.5,442.9,440.6,440.1,442.87,499.7,329.1,"1,71,56,021.00","2,52,589.00"
01-Feb-24,Thursday,February,2024,Q1,EQ,442,447.75,439.3,441.55,442.4,442.9,443.51,499.7,329.1,"1,91,65,409.00","2,72,761.00"
31-Jan-24,Wednesday,January,2024,Q1,EQ,440,442.5,438.7,438.05,441.75,441.55,440.69,499.7,329.1,"1,98,82,944.00","2,40,053.00"
30-Jan-24,Tuesday,January,2024,Q1,EQ,447,453.7,437.4,449.8,438.25,438.05,442.5,499.7,329.1,"4,35,14,448.00","6,99,940.00"
29-Jan-24,Monday,January,2024,Q1,EQ,455.9,457.25,447.5,455.65,448.7,449.8,452.63,499.7,329.1,"1,78,69,152.00","2,53,582.00"
25-Jan-24,Thursday,January,2024,Q1,EQ,463.55,464.95,452.1,463.6,457.5,455.65,456.11,499.7,329.1,"1,96,77,700.00","2,06,935.00"
24-Jan-24,Wednesday,January,2024,Q1,EQ,460.1,467.4,458.1,459.3,461.8,463.6,461.87,499.7,329.1,"2,16,26,183.00","1,82,598.00"
23-Jan-24,Tuesday,January,2024,Q1,EQ,473.75,473.75,456.4,468.4,459.85,459.3,465.33,499.7,329.1,"84,04,513.00","1,74,187.00"
20-Jan-24,Saturday,January,2024,Q1,EQ,473.4,475,468,471.5,468.3,468.4,471.38,499.7,327.55,"32,96,407.00","53,837.00"
19-Jan-24,Friday,January,2024,Q1,EQ,468.55,473,466.4,465.5,472,471.5,470.66,499.7,327.55,"1,22,03,322.00","1,40,093.00"
18-Jan-24,Thursday,January,2024,Q1,EQ,465.25,467.85,454.55,466.6,466.45,465.5,463.82,499.7,327.55,"91,43,784.00","1,62,645.00"
17-Jan-24,Wednesday,January,2024,Q1,EQ,471.4,477,465.2,472.3,467.3,466.6,470.02,499.7,327.55,"1,11,08,698.00","1,63,870.00"
16-Jan-24,Tuesday,January,2024,Q1,EQ,467.8,475,464.25,467.6,475,472.3,469.28,499.7,327.55,"1,20,66,347.00","1,81,194.00"
15-Jan-24,Monday,January,2024,Q1,EQ,470,470.5,466.1,466.7,467.55,467.6,467.74,499.7,327.55,"69,02,156.00","1,41,310.00"
12-Jan-24,Friday,January,2024,Q1,EQ,463.25,467.7,460.35,462.65,467.4,466.7,464.54,499.7,326.4,"93,54,326.00","1,51,600.00"
11-Jan-24,Thursday,January,2024,Q1,EQ,464.1,466.55,461.1,463.3,463.25,462.65,463.35,499.7,326.4,"65,34,775.00","1,28,488.00"
10-Jan-24,Wednesday,January,2024,Q1,EQ,464.55,466.75,460.05,464.55,463.5,463.3,462.07,499.7,326.4,"58,96,123.00","1,13,576.00"
09-Jan-24,Tuesday,January,2024,Q1,EQ,467.5,469.95,463.65,465.5,464.2,464.55,466.06,499.7,326.4,"56,96,780.00","1,33,889.00"
08-Jan-24,Monday,January,2024,Q1,EQ,475,475.5,464.55,473.95,465.35,465.5,467.76,499.7,326.4,"80,03,177.00","1,62,793.00"
05-Jan-24,Friday,January,2024,Q1,EQ,479.4,479.4,472,476.4,473.8,473.95,474.98,499.7,326,"92,09,405.00","1,91,991.00"
04-Jan-24,Thursday,January,2024,Q1,EQ,480,481.45,474.2,477.25,475.5,476.4,478.62,499.7,326,"1,17,86,959.00","1,45,887.00"
03-Jan-24,Wednesday,January,2024,Q1,EQ,470.25,480.7,469.35,470.35,477.45,477.25,477.4,499.7,326,"2,40,36,012.00","2,70,703.00"
02-Jan-24,Tuesday,January,2024,Q1,EQ,470,471.35,463.6,468.05,470.15,470.35,468.26,499.7,326,"1,05,19,771.00","1,59,124.00"
01-Jan-24,Monday,January,2024,Q1,EQ,463.5,469.95,462.65,462.1,465.8,468.05,467.15,499.7,326,"93,46,277.00","1,67,073.00"
29-Dec-23,Friday,December,2023,Q4,EQ,464.1,467.9,461.35,464.1,462,462.1,464.6,499.7,325.5,"1,28,88,266.00","1,95,653.00"
28-Dec-23,Thursday,December,2023,Q4,EQ,457.2,464.7,456.1,457.1,463.95,464.1,461.6,499.7,325.5,"2,06,96,101.00","2,19,642.00"
27-Dec-23,Wednesday,December,2023,Q4,EQ,457,458.5,453.75,456.45,456.6,457.1,455.97,499.7,325.5,"75,43,383.00","1,41,438.00"
26-Dec-23,Tuesday,December,2023,Q4,EQ,456.05,458.9,454.7,455.2,457.05,456.45,456.9,499.7,325.5,"58,71,301.00","1,33,599.00"
22-Dec-23,Friday,December,2023,Q4,EQ,453,455.9,450.55,451.45,454.2,455.2,454.25,499.7,325.35,"1,10,26,317.00","1,89,460.00"
21-Dec-23,Thursday,December,2023,Q4,EQ,449,453.75,444.45,451,452,451.45,450.19,499.7,325.35,"1,11,54,625.00","1,73,231.00"
20-Dec-23,Wednesday,December,2023,Q4,EQ,459,459.25,449.3,456.1,450.15,451,454.97,499.7,325.35,"1,03,67,665.00","1,71,902.00"
19-Dec-23,Tuesday,December,2023,Q4,EQ,453.35,458,452.05,451.65,456.45,456.1,455.77,499.7,325.35,"1,02,68,755.00","1,63,132.00"
18-Dec-23,Monday,December,2023,Q4,EQ,455,456,450.35,458.2,451.95,451.65,451.89,499.7,325.35,"1,20,27,620.00","2,02,238.00"
15-Dec-23,Friday,December,2023,Q4,EQ,461.9,462.95,455,460.1,458.55,458.2,457.72,499.7,325.35,"1,57,89,845.00","2,05,228.00"
14-Dec-23,Thursday,December,2023,Q4,EQ,460,461,449.45,455.65,458.3,460.1,458.42,499.7,325.35,"1,43,70,803.00","1,98,906.00"
13-Dec-23,Wednesday,December,2023,Q4,EQ,456.3,458.85,453.1,453.1,455.6,455.65,455.72,499.7,325.35,"1,12,83,868.00","1,36,565.00"
12-Dec-23,Tuesday,December,2023,Q4,EQ,454.2,460,452.35,452.45,453.6,453.1,456.17,499.7,325.35,"1,01,58,101.00","1,59,664.00"
11-Dec-23,Monday,December,2023,Q4,EQ,451.5,453.6,449.3,449.15,453.2,452.45,451.92,499.7,325.35,"65,99,973.00","1,53,704.00"
08-Dec-23,Friday,December,2023,Q4,EQ,459.95,461.6,448.5,458.1,450,449.15,452.69,499.7,325.35,"1,86,67,895.00","1,73,240.00"
07-Dec-23,Thursday,December,2023,Q4,EQ,464.75,464.8,457.4,463.25,458.2,458.1,459.4,499.7,325.35,"1,13,10,918.00","1,75,050.00"
06-Dec-23,Wednesday,December,2023,Q4,EQ,453.9,464.5,452.1,451.75,463.45,463.25,461.17,499.7,325.35,"2,04,17,559.00","2,95,774.00"
05-Dec-23,Tuesday,December,2023,Q4,EQ,455,457.8,450.1,454.05,452.4,451.75,453.52,499.7,325.35,"1,21,36,292.00","1,54,505.00"
04-Dec-23,Monday,December,2023,Q4,EQ,455,456.4,451,449.8,453.1,454.05,453.73,499.7,325.35,"1,28,00,220.00","2,18,205.00"
01-Dec-23,Friday,December,2023,Q4,EQ,437.9,450.95,437.4,435.8,449.15,449.8,446.61,499.7,325.35,"1,93,36,856.00","2,33,084.00"
30-Nov-23,Thursday,November,2023,Q4,EQ,436.7,438.45,434.5,437.2,436.75,435.8,436,499.7,325.35,"1,51,27,505.00","2,05,331.00"
29-Nov-23,Wednesday,November,2023,Q4,EQ,436,438.5,434.15,435.25,436.9,437.2,436.15,499.7,325.35,"1,37,85,216.00","1,81,426.00"
28-Nov-23,Tuesday,November,2023,Q4,EQ,438,439,434.9,437.8,435.9,435.25,436.05,499.7,325.35,"87,45,691.00","1,77,548.00"
24-Nov-23,Friday,November,2023,Q4,EQ,441,442.25,436.85,440.35,437.9,437.8,439,499.7,325.35,"68,21,878.00","1,16,779.00"
23-Nov-23,Thursday,November,2023,Q4,EQ,440.95,442.25,438.25,439.7,440.9,440.35,440.31,499.7,325.35,"63,66,606.00","98,441.00"
22-Nov-23,Wednesday,November,2023,Q4,EQ,437,440.4,434.8,436.25,440.15,439.7,437.8,499.7,325.35,"48,86,687.00","94,940.00"
21-Nov-23,Tuesday,November,2023,Q4,EQ,437.15,439.3,435.5,436.8,436.2,436.25,437.01,499.7,325.35,"59,97,810.00","1,15,882.00"
20-Nov-23,Monday,November,2023,Q4,EQ,439.85,440.3,434.5,439.25,436.3,436.8,437.43,499.7,325.35,"43,35,388.00","1,01,713.00"
17-Nov-23,Friday,November,2023,Q4,EQ,439.25,441.5,438.3,438.65,438.85,439.25,439.47,499.7,325.35,"66,55,278.00","1,24,069.00"
16-Nov-23,Thursday,November,2023,Q4,EQ,441.95,444.5,437.6,441.95,439.2,438.65,441.02,499.7,325.35,"1,08,57,863.00","1,44,767.00"
15-Nov-23,Wednesday,November,2023,Q4,EQ,438.1,442.5,437.5,436,442,441.95,440.16,499.7,325.35,"74,36,428.00","97,387.00"
13-Nov-23,Monday,November,2023,Q4,EQ,438.4,438.4,435,438.45,435.95,436,436.25,499.7,325.35,"37,44,754.00","91,487.00"
12-Nov-23,Sunday,November,2023,Q4,EQ,438.85,439.2,438,436.55,438.75,438.45,438.66,499.7,325.35,"11,81,310.00","54,111.00"
10-Nov-23,Friday,November,2023,Q4,EQ,434.4,438,432.5,434.4,437.95,436.55,435.19,499.7,325.35,"40,79,205.00","99,710.00"
09-Nov-23,Thursday,November,2023,Q4,EQ,437.8,438,433.9,436.95,434.45,434.4,435.48,499.7,325.35,"77,85,767.00","1,17,539.00"
08-Nov-23,Wednesday,November,2023,Q4,EQ,433.15,437.5,432.3,432.7,437,436.95,434.61,499.7,325.35,"69,79,849.00","1,20,482.00"
07-Nov-23,Tuesday,November,2023,Q4,EQ,434.9,434.9,432.15,435.35,432.95,432.7,433.04,499.7,325.35,"51,24,012.00","1,27,198.00"
06-Nov-23,Monday,November,2023,Q4,EQ,433.5,436.8,432.55,433.25,434.9,435.35,434.21,499.7,325.35,"73,08,229.00","1,29,745.00"
03-Nov-23,Friday,November,2023,Q4,EQ,432.8,434.4,431.1,431.15,432.1,433.25,432.68,499.7,325.35,"1,38,02,600.00","1,10,620.00"
02-Nov-23,Thursday,November,2023,Q4,EQ,430.05,432.7,428.65,428.1,430.8,431.15,430.18,499.7,325.35,"81,52,031.00","1,44,426.00"
01-Nov-23,Wednesday,November,2023,Q4,EQ,430,431.1,425.5,428.4,430.35,428.1,428.3,499.7,325.35,"79,90,245.00","1,63,579.00"
31-Oct-23,Tuesday,October,2023,Q4,EQ,430,433.35,427.9,430.45,428.45,428.4,429.99,499.7,325.35,"86,20,154.00","1,63,866.00"
30-Oct-23,Monday,October,2023,Q4,EQ,434.55,437.15,428.35,433.75,431.5,430.45,430.92,499.7,325.35,"76,18,033.00","1,38,620.00"
27-Oct-23,Friday,October,2023,Q4,EQ,434.35,436.8,432.2,434.35,433.9,433.75,434,499.7,325.35,"1,31,32,487.00","1,55,586.00"
26-Oct-23,Thursday,October,2023,Q4,EQ,429.55,436.6,429.55,432.7,432.65,434.35,433.54,499.7,325.35,"1,88,01,214.00","2,40,264.00"
25-Oct-23,Wednesday,October,2023,Q4,EQ,436.9,438,427.05,435.9,432.3,432.7,432.29,499.7,325.35,"1,08,89,221.00","2,27,701.00"
23-Oct-23,Monday,October,2023,Q4,EQ,438,439.95,433.1,438.3,434.6,435.9,436.65,499.7,325.35,"72,75,471.00","1,70,442.00"
20-Oct-23,Friday,October,2023,Q4,EQ,445,449,437.35,450.4,438,438.3,440.74,499.7,325.35,"1,30,20,371.00","3,47,081.00"
19-Oct-23,Thursday,October,2023,Q4,EQ,449.75,454.9,446.85,451.65,450.05,450.4,450.6,499.7,325.35,"94,65,463.00","2,28,007.00"
18-Oct-23,Wednesday,October,2023,Q4,EQ,454.25,458.2,451,453.45,451.7,451.65,454.49,499.7,325.35,"68,94,947.00","1,55,654.00"
17-Oct-23,Tuesday,October,2023,Q4,EQ,449.8,454.5,449,448.95,453.5,453.45,452.96,499.7,325.35,"69,36,218.00","1,19,724.00"
16-Oct-23,Monday,October,2023,Q4,EQ,448,451,446.2,448.35,448.2,448.95,449.42,499.7,325.35,"42,14,958.00","1,03,179.00"
13-Oct-23,Friday,October,2023,Q4,EQ,449.85,451.8,447,450.7,448,448.35,449.73,499.7,324.75,"76,32,483.00","1,35,556.00"
12-Oct-23,Thursday,October,2023,Q4,EQ,449.65,452.5,446.15,448.25,451,450.7,450.47,499.7,324.75,"1,17,74,487.00","1,27,972.00"
11-Oct-23,Wednesday,October,2023,Q4,EQ,447.2,449.45,444.8,444.4,447.5,448.25,447.45,499.7,324.75,"76,51,513.00","1,19,123.00"
10-Oct-23,Tuesday,October,2023,Q4,EQ,440.45,444.85,440.45,440.45,444.7,444.4,443.47,499.7,324.75,"50,14,758.00","1,41,128.00"
09-Oct-23,Monday,October,2023,Q4,EQ,440.95,443.2,437.25,442.15,439.65,440.45,440.61,499.7,324.75,"56,11,154.00","1,31,925.00"
06-Oct-23,Friday,October,2023,Q4,EQ,437.85,443.6,436.65,436.05,442.6,442.15,441.76,499.7,323.25,"84,18,580.00","1,46,980.00"
05-Oct-23,Thursday,October,2023,Q4,EQ,440,440.5,435.05,436.1,436.6,436.05,437.31,499.7,323.25,"1,00,30,257.00","1,94,053.00"
04-Oct-23,Wednesday,October,2023,Q4,EQ,439.75,441.7,433.3,439.75,435.35,436.1,437.58,499.7,323.25,"1,33,96,709.00","2,19,368.00"
03-Oct-23,Tuesday,October,2023,Q4,EQ,441,442.9,439.25,444.4,439.65,439.75,440.62,499.7,323.25,"74,81,883.00","1,86,900.00"
29-Sep-23,Friday,September,2023,Q3,EQ,442,445.6,439.2,440.75,443.5,444.4,443.32,499.7,323.25,"81,60,058.00","1,38,714.00"
28-Sep-23,Thursday,September,2023,Q3,EQ,449.95,449.95,439.6,449.15,441.15,440.75,442.49,499.7,323.25,"1,02,16,736.00","1,55,680.00"
27-Sep-23,Wednesday,September,2023,Q3,EQ,442.45,449.8,438.8,442.45,449.35,449.15,445.78,499.7,323.25,"1,04,90,786.00","1,61,084.00"
26-Sep-23,Tuesday,September,2023,Q3,EQ,443.6,444.5,439.7,442.6,442.8,442.45,442.01,499.7,323.25,"53,27,833.00","1,14,357.00"
25-Sep-23,Monday,September,2023,Q3,EQ,443.1,444.8,438.35,443.1,443.1,442.6,441.75,499.7,323.25,"57,82,955.00","1,26,229.00"
22-Sep-23,Friday,September,2023,Q3,EQ,447.5,448.4,442.25,447.5,442.5,443.1,444.33,499.7,323.25,"75,06,309.00","1,95,313.00"
21-Sep-23,Thursday,September,2023,Q3,EQ,452.8,453.55,444.5,452.95,447.5,447.5,447.41,499.7,323.25,"1,07,19,470.00","1,87,202.00"
20-Sep-23,Wednesday,September,2023,Q3,EQ,451.7,455.1,449.55,452.05,452.85,452.95,453.08,499.7,323.25,"99,59,649.00","1,49,782.00"
18-Sep-23,Monday,September,2023,Q3,EQ,448.35,454,446.2,448.35,451.95,452.05,451.88,499.7,323.25,"81,97,425.00","1,34,382.00"
15-Sep-23,Friday,September,2023,Q3,EQ,448.05,452.1,447,449.95,447.9,448.35,449.1,499.7,323.25,"1,50,77,136.00","1,58,789.00"
14-Sep-23,Thursday,September,2023,Q3,EQ,455.9,455.9,447.15,453.5,450.35,449.95,450.17,499.7,323.25,"1,44,30,930.00","2,16,539.00"
13-Sep-23,Wednesday,September,2023,Q3,EQ,452.2,457,451.1,451.15,453.3,453.5,453.91,499.7,323.25,"1,18,13,170.00","1,69,384.00"
12-Sep-23,Tuesday,September,2023,Q3,EQ,448.9,454.3,445.6,447.2,451,451.15,450.56,499.7,323.25,"1,44,06,441.00","2,03,436.00"
11-Sep-23,Monday,September,2023,Q3,EQ,446,448.1,442.65,442.65,447.95,447.2,445.08,499.7,323.25,"93,20,577.00","1,65,092.00"
08-Sep-23,Friday,September,2023,Q3,EQ,447.9,447.9,441.85,445.9,442.7,442.65,443.46,499.7,323.25,"99,39,517.00","1,38,338.00"
07-Sep-23,Thursday,September,2023,Q3,EQ,448.8,449,444.6,447.45,446,445.9,446.01,499.7,323.25,"80,90,369.00","1,19,372.00"
06-Sep-23,Wednesday,September,2023,Q3,EQ,443.95,448.5,442,443.1,448,447.45,445.72,499.7,323.25,"1,28,63,039.00","1,79,677.00"
05-Sep-23,Tuesday,September,2023,Q3,EQ,438.9,444.5,438.5,437.5,444.15,443.1,441.31,499.7,323.25,"83,78,915.00","1,25,789.00"
04-Sep-23,Monday,September,2023,Q3,EQ,443.35,443.35,436.65,441.05,437.5,437.5,438.46,499.7,323.25,"1,36,04,608.00","1,95,519.00"
01-Sep-23,Friday,September,2023,Q3,EQ,440,445,438.3,439.7,440,441.05,442.04,499.7,308.85,"1,14,38,624.00","2,09,049.00"
31-Aug-23,Thursday,August,2023,Q3,EQ,443,444.9,436.1,442.8,439.5,439.7,439.7,499.7,308.85,"1,99,00,312.00","2,26,365.00"
30-Aug-23,Wednesday,August,2023,Q3,EQ,441,444,440.5,440.1,443.1,442.8,442.53,499.7,308.85,"73,64,924.00","1,29,298.00"
29-Aug-23,Tuesday,August,2023,Q3,EQ,442.95,444,439.2,441.4,440.7,440.1,440.75,499.7,308.85,"94,80,003.00","1,73,053.00"
28-Aug-23,Monday,August,2023,Q3,EQ,445,446.85,441,443.35,441,441.4,443.37,499.7,308.85,"69,10,750.00","1,25,415.00"
25-Aug-23,Friday,August,2023,Q3,EQ,450.9,451,442.05,450.9,443.5,443.35,445.97,499.7,308.85,"92,70,988.00","1,69,813.00"
24-Aug-23,Thursday,August,2023,Q3,EQ,450.6,453.5,449.3,450.45,451.2,450.9,450.97,499.7,308.85,"60,88,274.00","1,57,601.00"
23-Aug-23,Wednesday,August,2023,Q3,EQ,455.6,455.65,448.6,454.25,450.6,450.45,450.74,499.7,308.85,"84,45,029.00","1,81,446.00"
22-Aug-23,Tuesday,August,2023,Q3,EQ,449,455.15,447,447.8,454.4,454.25,452.56,499.7,308.85,"98,54,945.00","1,51,525.00"
21-Aug-23,Monday,August,2023,Q3,EQ,442,448.5,441.35,441.65,448,447.8,445.61,499.7,308.85,"95,72,041.00","1,48,497.00"
18-Aug-23,Friday,August,2023,Q3,EQ,441,443.35,438.5,441,441,441.65,440.84,499.7,308.55,"1,93,24,262.00","2,74,698.00"
17-Aug-23,Thursday,August,2023,Q3,EQ,450,450,440,450.25,440.95,441,441.95,499.7,308.55,"1,62,69,569.00","3,53,763.00"
16-Aug-23,Wednesday,August,2023,Q3,EQ,451,457.4,448.2,449.2,449,450.25,451.91,499.7,308.55,"1,49,20,272.00","2,08,058.00"
14-Aug-23,Monday,August,2023,Q3,EQ,448.75,451.25,445.05,448.75,447.8,449.2,447.6,499.7,308.55,"75,62,808.00","1,87,268.00"
